date,brent_close
2025-03-10 18:20:52.301221,80.61
2025-03-11 18:20:52.301221,80.46
2025-03-12 18:20:52.301221,81.27
2025-03-13 18:20:52.301221,83.16
2025-03-14 18:20:52.301221,82.88
2025-03-15 18:20:52.301221,82.61
2025-03-16 18:20:52.301221,84.61
2025-03-17 18:20:52.301221,85.6
2025-03-18 18:20:52.301221,85.02
2025-03-19 18:20:52.301221,85.73
2025-03-20 18:20:52.301221,85.16
2025-03-21 18:20:52.301221,84.58
2025-03-22 18:20:52.301221,84.9
2025-03-23 18:20:52.301221,82.52
2025-03-24 18:20:52.301221,80.43
2025-03-25 18:20:52.301221,79.77
2025-03-26 18:20:52.301221,78.58
2025-03-27 18:20:52.301221,78.97
2025-03-28 18:20:52.301221,77.92
2025-03-29 18:20:52.301221,76.3
2025-03-30 18:20:52.301221,78.01
2025-03-31 18:20:52.301221,77.76
2025-04-01 18:20:52.301221,77.85
2025-04-02 18:20:52.301221,76.22
2025-04-03 18:20:52.301221,75.62
2025-04-04 18:20:52.301221,75.76
2025-04-05 18:20:52.301221,74.48
2025-04-06 18:20:52.301221,74.91
2025-04-07 18:20:52.301221,74.26
2025-04-08 18:20:52.301221,73.95
2025-04-09 18:20:52.301221,73.3
2025-04-10 18:20:52.301221,75.38
2025-04-11 18:20:52.301221,75.38
2025-04-12 18:20:52.301221,74.21
2025-04-13 18:20:52.301221,75.14
2025-04-14 18:20:52.301221,73.79
2025-04-15 18:20:52.301221,74.04
2025-04-16 18:20:52.301221,71.91
2025-04-17 18:20:52.301221,70.51
2025-04-18 18:20:52.301221,70.73
2025-04-19 18:20:52.301221,71.53
2025-04-20 18:20:52.301221,71.73
2025-04-21 18:20:52.301221,71.62
2025-04-22 18:20:52.301221,71.31
2025-04-23 18:20:52.301221,69.76
2025-04-24 18:20:52.301221,69.02
2025-04-25 18:20:52.301221,68.56
2025-04-26 18:20:52.301221,69.67
2025-04-27 18:20:52.301221,70.05
2025-04-28 18:20:52.301221,68.23
2025-04-29 18:20:52.301221,68.58
2025-04-30 18:20:52.301221,68.2
2025-05-01 18:20:52.301221,67.52
2025-05-02 18:20:52.301221,68.16
2025-05-03 18:20:52.301221,69.23
2025-05-04 18:20:52.301221,70.22
2025-05-05 18:20:52.301221,69.36
2025-05-06 18:20:52.301221,69.05
2025-05-07 18:20:52.301221,69.41
2025-05-08 18:20:52.301221,70.45
2025-05-09 18:20:52.301221,69.95
2025-05-10 18:20:52.301221,69.77
2025-05-11 18:20:52.301221,68.64
2025-05-12 18:20:52.301221,67.43
2025-05-13 18:20:52.301221,68.27
2025-05-14 18:20:52.301221,69.69
2025-05-15 18:20:52.301221,69.63
2025-05-16 18:20:52.301221,70.7
2025-05-17 18:20:52.301221,71.1
2025-05-18 18:20:52.301221,70.43
2025-05-19 18:20:52.301221,70.82
2025-05-20 18:20:52.301221,72.49
2025-05-21 18:20:52.301221,72.47
2025-05-22 18:20:52.301221,74.2
2025-05-23 18:20:52.301221,71.36
2025-05-24 18:20:52.301221,72.26
2025-05-25 18:20:52.301221,72.37
2025-05-26 18:20:52.301221,72.06
2025-05-27 18:20:52.301221,72.17
2025-05-28 18:20:52.301221,70.06
2025-05-29 18:20:52.301221,69.85
2025-05-30 18:20:52.301221,70.24
2025-05-31 18:20:52.301221,71.83
2025-06-01 18:20:52.301221,71.28
2025-06-02 18:20:52.301221,70.44
2025-06-03 18:20:52.301221,69.92
2025-06-04 18:20:52.301221,70.91
2025-06-05 18:20:52.301221,71.27
2025-06-06 18:20:52.301221,70.72
2025-06-07 18:20:52.301221,71.28
2025-06-08 18:20:52.301221,71.4
2025-06-09 18:20:52.301221,72.46
2025-06-10 18:20:52.301221,71.71
2025-06-11 18:20:52.301221,71.38
2025-06-12 18:20:52.301221,70.97
2025-06-13 18:20:52.301221,69.45
2025-06-14 18:20:52.301221,69.77
2025-06-15 18:20:52.301221,70.06
2025-06-16 18:20:52.301221,70.08
2025-06-17 18:20:52.301221,69.84
2025-06-18 18:20:52.301221,68.39
2025-06-19 18:20:52.301221,67.97
2025-06-20 18:20:52.301221,67.64
2025-06-21 18:20:52.301221,66.84
2025-06-22 18:20:52.301221,66.69
2025-06-23 18:20:52.301221,67.11
2025-06-24 18:20:52.301221,69.05
2025-06-25 18:20:52.301221,69.25
2025-06-26 18:20:52.301221,69.53
2025-06-27 18:20:52.301221,69.47
2025-06-28 18:20:52.301221,67.51
2025-06-29 18:20:52.301221,67.5
2025-06-30 18:20:52.301221,67.57
2025-07-01 18:20:52.301221,70.13
2025-07-02 18:20:52.301221,69.94
2025-07-03 18:20:52.301221,70.27
2025-07-04 18:20:52.301221,70.25
2025-07-05 18:20:52.301221,69.04
2025-07-06 18:20:52.301221,70.25
2025-07-07 18:20:52.301221,71.06
2025-07-08 18:20:52.301221,71.92
2025-07-09 18:20:52.301221,70.96
2025-07-10 18:20:52.301221,72.49
2025-07-11 18:20:52.301221,70.99
2025-07-12 18:20:52.301221,71.63
2025-07-13 18:20:52.301221,74.04
2025-07-14 18:20:52.301221,72.96
2025-07-15 18:20:52.301221,72.36
2025-07-16 18:20:52.301221,72.48
2025-07-17 18:20:52.301221,71.95
2025-07-18 18:20:52.301221,70.31
2025-07-19 18:20:52.301221,70.4
2025-07-20 18:20:52.301221,69.3
2025-07-21 18:20:52.301221,69.81
2025-07-22 18:20:52.301221,68.87
2025-07-23 18:20:52.301221,70.5
2025-07-24 18:20:52.301221,69.69
2025-07-25 18:20:52.301221,69.37
2025-07-26 18:20:52.301221,70.23
2025-07-27 18:20:52.301221,68.96
2025-07-28 18:20:52.301221,69.21
2025-07-29 18:20:52.301221,70.6
2025-07-30 18:20:52.301221,68.93
2025-07-31 18:20:52.301221,69.13
2025-08-01 18:20:52.301221,69.42
2025-08-02 18:20:52.301221,70.25
2025-08-03 18:20:52.301221,68.97
2025-08-04 18:20:52.301221,67.63
2025-08-05 18:20:52.301221,68.18
2025-08-06 18:20:52.301221,68.5
2025-08-07 18:20:52.301221,71.36
2025-08-08 18:20:52.301221,77.45
2025-08-09 18:20:52.301221,72.5
2025-08-10 18:20:52.301221,74.43
2025-08-11 18:20:52.301221,72.85
2025-08-12 18:20:52.301221,70.7
2025-08-13 18:20:52.301221,71.01
2025-08-14 18:20:52.301221,69.11
2025-08-15 18:20:52.301221,68.03
2025-08-16 18:20:52.301221,66.47
2025-08-17 18:20:52.301221,65.52
2025-08-18 18:20:52.301221,66.31
2025-08-19 18:20:52.301221,67.48
2025-08-20 18:20:52.301221,66.67
2025-08-21 18:20:52.301221,67.66
2025-08-22 18:20:52.301221,68.09
2025-08-23 18:20:52.301221,68.95
2025-08-24 18:20:52.301221,70.95
2025-08-25 18:20:52.301221,70.71
2025-08-26 18:20:52.301221,69.92
2025-08-27 18:20:52.301221,69.01
2025-08-28 18:20:52.301221,68.19
2025-08-29 18:20:52.301221,68.12
2025-08-30 18:20:52.301221,68.48
2025-08-31 18:20:52.301221,68.78
2025-09-01 18:20:52.301221,69.65
2025-09-02 18:20:52.301221,69.68
2025-09-03 18:20:52.301221,71.23
2025-09-04 18:20:52.301221,70.96
2025-09-05 18:20:52.301221,73.93
2025-09-06 18:20:52.301221,74.65
2025-09-07 18:20:52.301221,73.71
2025-09-08 18:20:52.301221,72.55
2025-09-09 18:20:52.301221,73.09
2025-09-10 18:20:52.301221,72.86
2025-09-11 18:20:52.301221,73.66
2025-09-12 18:20:52.301221,74.2
2025-09-13 18:20:52.301221,74.13
2025-09-14 18:20:52.301221,73.21
2025-09-15 18:20:52.301221,71.58
2025-09-16 18:20:52.301221,71.12
2025-09-17 18:20:52.301221,72.05
2025-09-18 18:20:52.301221,72.3
2025-09-19 18:20:52.301221,70.97
2025-09-20 18:20:52.301221,71.17
2025-09-21 18:20:52.301221,71.6
2025-09-22 18:20:52.301221,70.67
2025-09-23 18:20:52.301221,70.85
2025-09-24 18:20:52.301221,70.92
2025-09-25 18:20:52.301221,69.73
2025-09-26 18:20:52.301221,70.12
2025-09-27 18:20:52.301221,70.73
2025-09-28 18:20:52.301221,71.9
2025-09-29 18:20:52.301221,73.06
2025-09-30 18:20:52.301221,71.58
2025-10-01 18:20:52.301221,70.59
2025-10-02 18:20:52.301221,71.16
2025-10-03 18:20:52.301221,71.72
2025-10-04 18:20:52.301221,72.29
2025-10-05 18:20:52.301221,76.61
2025-10-06 18:20:52.301221,77.28
2025-10-07 18:20:52.301221,78.63
2025-10-08 18:20:52.301221,79.77
2025-10-09 18:20:52.301221,80.57
2025-10-10 18:20:52.301221,80.21
2025-10-11 18:20:52.301221,81.14
2025-10-12 18:20:52.301221,80.23
2025-10-13 18:20:52.301221,79.96
2025-10-14 18:20:52.301221,79.39
2025-10-15 18:20:52.301221,79.51
2025-10-16 18:20:52.301221,82.33
2025-10-17 18:20:52.301221,80.07
2025-10-18 18:20:52.301221,80.92
2025-10-19 18:20:52.301221,79.0
2025-10-20 18:20:52.301221,78.46
2025-10-21 18:20:52.301221,79.77
2025-10-22 18:20:52.301221,79.86
2025-10-23 18:20:52.301221,78.59
2025-10-24 18:20:52.301221,77.77
2025-10-25 18:20:52.301221,78.58
2025-10-26 18:20:52.301221,77.74
2025-10-27 18:20:52.301221,78.01
2025-10-28 18:20:52.301221,78.08
2025-10-29 18:20:52.301221,77.34
2025-10-30 18:20:52.301221,79.88
2025-10-31 18:20:52.301221,80.66
2025-11-01 18:20:52.301221,78.26
2025-11-02 18:20:52.301221,78.5
2025-11-03 18:20:52.301221,77.74
2025-11-04 18:20:52.301221,78.75
2025-11-05 18:20:52.301221,77.84
2025-11-06 18:20:52.301221,77.72
2025-11-07 18:20:52.301221,78.33
2025-11-08 18:20:52.301221,79.37
2025-11-09 18:20:52.301221,77.97
2025-11-10 18:20:52.301221,77.59
2025-11-11 18:20:52.301221,77.06
2025-11-12 18:20:52.301221,76.32
2025-11-13 18:20:52.301221,78.38
2025-11-14 18:20:52.301221,78.88
2025-11-15 18:20:52.301221,77.41
2025-11-16 18:20:52.301221,78.5
2025-11-17 18:20:52.301221,81.06
2025-11-18 18:20:52.301221,82.34
2025-11-19 18:20:52.301221,80.5
2025-11-20 18:20:52.301221,79.93
2025-11-21 18:20:52.301221,81.48
2025-11-22 18:20:52.301221,80.64
2025-11-23 18:20:52.301221,81.19
2025-11-24 18:20:52.301221,82.16
2025-11-25 18:20:52.301221,81.04
2025-11-26 18:20:52.301221,80.99
2025-11-27 18:20:52.301221,77.16
2025-11-28 18:20:52.301221,76.0
2025-11-29 18:20:52.301221,75.72
2025-11-30 18:20:52.301221,74.33
2025-12-01 18:20:52.301221,76.19
2025-12-02 18:20:52.301221,74.59
2025-12-03 18:20:52.301221,74.11
2025-12-04 18:20:52.301221,74.27
2025-12-05 18:20:52.301221,75.91
2025-12-06 18:20:52.301221,74.31
2025-12-07 18:20:52.301221,75.63
2025-12-08 18:20:52.301221,75.66
2025-12-09 18:20:52.301221,74.57
2025-12-10 18:20:52.301221,75.1
2025-12-11 18:20:52.301221,75.34
2025-12-12 18:20:52.301221,74.68
2025-12-13 18:20:52.301221,74.78
2025-12-14 18:20:52.301221,74.36
2025-12-15 18:20:52.301221,74.5
2025-12-16 18:20:52.301221,75.26
2025-12-17 18:20:52.301221,77.09
2025-12-18 18:20:52.301221,75.68
2025-12-19 18:20:52.301221,78.16
2025-12-20 18:20:52.301221,75.92
2025-12-21 18:20:52.301221,75.76
2025-12-22 18:20:52.301221,76.45
2025-12-23 18:20:52.301221,76.79
2025-12-24 18:20:52.301221,76.09
2025-12-25 18:20:52.301221,75.87
2025-12-26 18:20:52.301221,75.32
2025-12-27 18:20:52.301221,74.68
2025-12-28 18:20:52.301221,75.65
2025-12-29 18:20:52.301221,76.07
2025-12-30 18:20:52.301221,75.3
2025-12-31 18:20:52.301221,76.34
2026-01-01 18:20:52.301221,76.7
2026-01-02 18:20:52.301221,77.66
2026-01-03 18:20:52.301221,78.41
2026-01-04 18:20:52.301221,77.46
2026-01-05 18:20:52.301221,76.83
2026-01-06 18:20:52.301221,77.71
2026-01-07 18:20:52.301221,78.44
2026-01-08 18:20:52.301221,78.43
2026-01-09 18:20:52.301221,78.58
2026-01-10 18:20:52.301221,80.12
2026-01-11 18:20:52.301221,79.43
2026-01-12 18:20:52.301221,80.1
2026-01-13 18:20:52.301221,79.87
2026-01-14 18:20:52.301221,79.63
2026-01-15 18:20:52.301221,80.97
2026-01-16 18:20:52.301221,81.99
2026-01-17 18:20:52.301221,83.02
2026-01-18 18:20:52.301221,84.67
2026-01-19 18:20:52.301221,84.72
2026-01-20 18:20:52.301221,85.61
2026-01-21 18:20:52.301221,85.23
2026-01-22 18:20:52.301221,85.66
2026-01-23 18:20:52.301221,85.51
2026-01-24 18:20:52.301221,85.65
2026-01-25 18:20:52.301221,86.44
2026-01-26 18:20:52.301221,85.4
2026-01-27 18:20:52.301221,88.14
2026-01-28 18:20:52.301221,86.84
2026-01-29 18:20:52.301221,85.29
2026-01-30 18:20:52.301221,86.8
2026-01-31 18:20:52.301221,87.85
2026-02-01 18:20:52.301221,88.7
2026-02-02 18:20:52.301221,89.55
2026-02-03 18:20:52.301221,89.56
2026-02-04 18:20:52.301221,88.38
2026-02-05 18:20:52.301221,88.49
2026-02-06 18:20:52.301221,87.62
2026-02-07 18:20:52.301221,88.93
2026-02-08 18:20:52.301221,88.75
2026-02-09 18:20:52.301221,87.67
2026-02-10 18:20:52.301221,87.27
2026-02-11 18:20:52.301221,87.83
2026-02-12 18:20:52.301221,87.11
2026-02-13 18:20:52.301221,86.06
2026-02-14 18:20:52.301221,86.39
2026-02-15 18:20:52.301221,86.72
2026-02-16 18:20:52.301221,86.08
2026-02-17 18:20:52.301221,85.5
2026-02-18 18:20:52.301221,85.81
2026-02-19 18:20:52.301221,83.98
2026-02-20 18:20:52.301221,82.25
2026-02-21 18:20:52.301221,81.38
2026-02-22 18:20:52.301221,81.14
2026-02-23 18:20:52.301221,81.53
2026-02-24 18:20:52.301221,83.37
2026-02-25 18:20:52.301221,84.47
2026-02-26 18:20:52.301221,84.28
2026-02-27 18:20:52.301221,84.28
2026-02-28 18:20:52.301221,83.04
2026-03-01 18:20:52.301221,83.03
2026-03-02 18:20:52.301221,82.69
2026-03-03 18:20:52.301221,83.1
2026-03-04 18:20:52.301221,82.1
2026-03-05 18:20:52.301221,82.75
2026-03-06 18:20:52.301221,84.7
2026-03-07 18:20:52.301221,84.58
2026-03-08 18:20:52.301221,85.1
2026-03-09 18:20:52.301221,86.01
2026-03-10 18:20:52.301221,85.51
2026-03-11 18:20:52.301221,85.81
2026-03-12 18:20:52.301221,85.85
2026-03-13 18:20:52.301221,85.99
2026-03-14 18:20:52.301221,85.01
2026-03-15 18:20:52.301221,85.06
2026-03-16 18:20:52.301221,85.72
2026-03-17 18:20:52.301221,87.62
2026-03-18 18:20:52.301221,88.91
2026-03-19 18:20:52.301221,91.85
2026-03-20 18:20:52.301221,90.81
2026-03-21 18:20:52.301221,92.03
2026-03-22 18:20:52.301221,92.3
2026-03-23 18:20:52.301221,95.4
2026-03-24 18:20:52.301221,94.27
2026-03-25 18:20:52.301221,93.11
2026-03-26 18:20:52.301221,92.29
2026-03-27 18:20:52.301221,89.42
2026-03-28 18:20:52.301221,88.73
2026-03-29 18:20:52.301221,87.75
2026-03-30 18:20:52.301221,87.96
2026-03-31 18:20:52.301221,88.43
2026-04-01 18:20:52.301221,90.97
2026-04-02 18:20:52.301221,92.3
2026-04-03 18:20:52.301221,91.52
2026-04-04 18:20:52.301221,90.31
2026-04-05 18:20:52.301221,91.0
2026-04-06 18:20:52.301221,89.23
2026-04-07 18:20:52.301221,91.74
2026-04-08 18:20:52.301221,93.39
2026-04-09 18:20:52.301221,92.76
2026-04-10 18:20:52.301221,90.42
2026-04-11 18:20:52.301221,92.3
2026-04-12 18:20:52.301221,92.16
2026-04-13 18:20:52.301221,93.9
2026-04-14 18:20:52.301221,92.95
2026-04-15 18:20:52.301221,91.91
2026-04-16 18:20:52.301221,90.84
2026-04-17 18:20:52.301221,86.89
2026-04-18 18:20:52.301221,83.87
2026-04-19 18:20:52.301221,87.93
2026-04-20 18:20:52.301221,88.75
2026-04-21 18:20:52.301221,84.35
2026-04-22 18:20:52.301221,84.94
2026-04-23 18:20:52.301221,88.89
2026-04-24 18:20:52.301221,89.86
2026-04-25 18:20:52.301221,88.38
2026-04-26 18:20:52.301221,86.38
2026-04-27 18:20:52.301221,88.07
2026-04-28 18:20:52.301221,88.53
2026-04-29 18:20:52.301221,87.56
2026-04-30 18:20:52.301221,89.64
2026-05-01 18:20:52.301221,89.81
2026-05-02 18:20:52.301221,91.43
2026-05-03 18:20:52.301221,91.55
2026-05-04 18:20:52.301221,94.44
2026-05-05 18:20:52.301221,96.98
2026-05-06 18:20:52.301221,96.64
2026-05-07 18:20:52.301221,98.07
2026-05-08 18:20:52.301221,99.05
2026-05-09 18:20:52.301221,101.12
2026-05-10 18:20:52.301221,99.69
2026-05-11 18:20:52.301221,100.74
2026-05-12 18:20:52.301221,102.37
2026-05-13 18:20:52.301221,99.73
2026-05-14 18:20:52.301221,97.99
2026-05-15 18:20:52.301221,95.06
2026-05-16 18:20:52.301221,94.69
2026-05-17 18:20:52.301221,95.74
2026-05-18 18:20:52.301221,97.94
2026-05-19 18:20:52.301221,98.07
2026-05-20 18:20:52.301221,100.51
2026-05-21 18:20:52.301221,98.47
2026-05-22 18:20:52.301221,96.01
2026-05-23 18:20:52.301221,95.95
2026-05-24 18:20:52.301221,96.52
2026-05-25 18:20:52.301221,96.49
2026-05-26 18:20:52.301221,93.57
2026-05-27 18:20:52.301221,93.46
2026-05-28 18:20:52.301221,91.67
2026-05-29 18:20:52.301221,92.61
2026-05-30 18:20:52.301221,93.14
2026-05-31 18:20:52.301221,91.86
2026-06-01 18:20:52.301221,91.17
2026-06-02 18:20:52.301221,89.75
2026-06-03 18:20:52.301221,89.68
2026-06-04 18:20:52.301221,90.99
2026-06-05 18:20:52.301221,89.68
2026-06-06 18:20:52.301221,90.38
2026-06-07 18:20:52.301221,89.68
2026-06-08 18:20:52.301221,88.64
2026-06-09 18:20:52.301221,88.51
2026-06-10 18:20:52.301221,87.16
2026-06-11 18:20:52.301221,86.46
2026-06-12 18:20:52.301221,84.94
2026-06-13 18:20:52.301221,87.5
2026-06-14 18:20:52.301221,87.56
2026-06-15 18:20:52.301221,86.66
2026-06-16 18:20:52.301221,86.96
2026-06-17 18:20:52.301221,86.83
2026-06-18 18:20:52.301221,86.56
2026-06-19 18:20:52.301221,87.38
2026-06-20 18:20:52.301221,88.39
2026-06-21 18:20:52.301221,87.71
2026-06-22 18:20:52.301221,86.97
2026-06-23 18:20:52.301221,86.63
2026-06-24 18:20:52.301221,83.71
2026-06-25 18:20:52.301221,81.85
2026-06-26 18:20:52.301221,83.56
2026-06-27 18:20:52.301221,85.66
2026-06-28 18:20:52.301221,85.36
2026-06-29 18:20:52.301221,86.12
2026-06-30 18:20:52.301221,86.54
2026-07-01 18:20:52.301221,90.65
2026-07-02 18:20:52.301221,92.2
2026-07-03 18:20:52.301221,92.04
2026-07-04 18:20:52.301221,90.75
2026-07-05 18:20:52.301221,88.61
2026-07-06 18:20:52.301221,88.9
2026-07-07 18:20:52.301221,87.91
2026-07-08 18:20:52.301221,86.07
2026-07-09 18:20:52.301221,85.26
2026-07-10 18:20:52.301221,83.9
2026-07-11 18:20:52.301221,86.07
2026-07-12 18:20:52.301221,87.24
2026-07-13 18:20:52.301221,87.24
2026-07-14 18:20:52.301221,89.22
2026-07-15 18:20:52.301221,89.34
2026-07-16 18:20:52.301221,88.21
2026-07-17 18:20:52.301221,90.27
2026-07-18 18:20:52.301221,91.02
2026-07-19 18:20:52.301221,89.63
2026-07-20 18:20:52.301221,89.39
2026-07-21 18:20:52.301221,88.24
2026-07-22 18:20:52.301221,86.45
